Course Code,Course Title,Day and Time,Instructor,Session,Cr Hrs
ACCT 100 LEC 1,Principles of Financial Accounting,MW 12:30PM-1:45PM,Zainab Mehmood,16W,3.0
ACCT 100 LEC 2,Principles of Financial Accounting,TR 5:00PM-6:15PM,TBA,16W,3.0
ACCT 130 LEC 1,Principles of Management Accounting,TR 11:00AM-12:15PM,Saira Rizwan,16W,3.0
ACCT 220 LEC 1,Corporate Financial Reporting I,TR 8:00AM-9:15AM,Nafeh Akbar,16W,3.0
ACCT 250 LEC 1,Auditing,MW 12:30PM-1:45PM,Syed Zain ul Abidin,16W,3.0
ACCT 250 LEC 2,Auditing,MW 2:00PM-3:15PM,Syed Zain ul Abidin,16W,3.0
ACCT 250 LEC 3,Auditing,TR 12:30PM-1:45PM,Syed Zain ul Abidin,16W,3.0
ACCT 250 LEC 4,Auditing,TR 2:00PM-3:15PM,Syed Zain ul Abidin,16W,3.0
ACCT 320 LEC 1,Corporate Financial Reporting II,MW 11:00AM-12:15PM,Samia Ahmed Ali,16W,3.0
ACCT 320 LEC 2,Corporate Financial Reporting II,MW 12:30PM-1:45PM,Samia Ahmed Ali,16W,3.0
ACCT 320 LEC 3,Corporate Financial Reporting II,TR 11:00AM-12:15PM,Samia Ahmed Ali,16W,3.0
ACCT 320 LEC 4,Corporate Financial Reporting II,TR 12:30PM-1:45PM,Samia Ahmed Ali,16W,3.0
ACCT 362 LEC 1,"Fraud Examination and Forensic
Accounting",MW 9:30AM-10:45AM,Abdul Rauf,16W,3.0
ACCT 370 LEC 1,Applied Taxation,MW 12:30PM-1:45PM,Huzaima Bukhari,16W,3.0
ACCT 370 LEC 2,Applied Taxation,MW 2:00PM-3:15PM,Huzaima Bukhari,16W,3.0
ACCT 411 LEC 1,Applied Financial Analysis,TR 9:30AM-10:45AM,Saira Rizwan,16W,3.0
ACF 5101 LEC 1,Financial Management and Accounting,FSU 1:30PM-3:30PM,Syed Mubashir Ali,16W,3.0
AI 600 LEC 1,Deep Learning,U 9:00AM-12:00PM,Momin Ayub Uppal,16W,3.0
AI 620 LEC 1,Fundamentals of Data Engineering,S 9:00AM-12:00PM,Hassan Mohy-ud-Din,16W,3.0
AI 621 LEC 1,"Scalable AI Systems: MLOps,
LLMOps, and Agentic Systems",S 9:00AM-12:00PM,Ali Khawaja,16W,3.0
AI 623 LEC 1,Deep Vision-Language Models,U 2:00PM-5:00PM,Muhammad Tahir,16W,3.0
AI 641 LEC 1,"Think, Learn, Move: AI for Robotics",S 2:00PM-5:00PM,Hassan Jaleel,16W,3.0
ANTH 100 LEC 1,Introduction to Cultural Anthropology,TR 10:00AM-11:50AM,Dominic William Esler,16W,4.0
ANTH 263 LEC 1,Food and Culture,TR 2:00PM-3:50PM,Sadaf Ahmad,16W,4.0
ANTH 310 LEC 1,Classical Anthropological Theory,TR 2:00PM-3:50PM,Dominic William Esler,16W,4.0
ANTH 423 LEC 1,World Through a Trickster's Eyes,TR 2:00PM-3:50PM,Ameem Lutfi,16W,4.0
CLCA 4403 w/ ANTH 423,World Through a Trickster's Eyes,TR 2:00PM-3:50PM,Ameem Lutfi,16W,4.0
HIST 4322 w/ ANTH 423,World Through a Trickster's Eyes,TR 2:00PM-3:50PM,Ameem Lutfi,16W,4.0
AST 104 LEC 1,The Universe Around Us,MW 12:00PM-1:15PM,TBA,16W,3.0
BIO 100 LAB 1,Biology Laboratory,M 10:00AM-12:50PM,Khalida Mazhar,16W,1.0
BIO 100 LEC 1,Biology Laboratory,M 9:00AM-9:50AM,Muhammad Tariq,16W,1.0
BIO 100 LAB 2,Biology Laboratory,T 10:00AM-12:50PM,Khalida Mazhar,16W,1.0
BIO 100 LEC 2,Biology Laboratory,T 9:00AM-9:50AM,Muhammad Tariq,16W,1.0
BIO 100 LAB 3,Biology Laboratory,W 10:00AM-12:50PM,Khalida Mazhar,16W,1.0
BIO 100 LAB 4,Biology Laboratory,R 10:00AM-12:50PM,Khalida Mazhar,16W,1.0
BIO 100 LEC 4,Biology Laboratory,R 9:00AM-9:50AM,Muhammad Tariq,16W,1.0
BIO 100 LAB 5,Biology Laboratory,M 10:00AM-12:50PM,Khalida Mazhar,16W,1.0
BIO 100 LEC 5,Biology Laboratory,M 9:00AM-9:50AM,Muhammad Tariq,16W,1.0
BIO 100 LAB 6,Biology Laboratory,T 10:00AM-12:50PM,Khalida Mazhar,16W,1.0
BIO 100 LEC 6,Biology Laboratory,T 9:00AM-9:50AM,Muhammad Tariq,16W,1.0
BIO 100 LAB 7,Biology Laboratory,W 10:00AM-12:50PM,Khalida Mazhar,16W,1.0
BIO 100 LEC 7,Biology Laboratory,W 9:00AM-9:50AM,Muhammad Tariq,16W,1.0
BIO 100 LAB 8,Biology Laboratory,R 10:00AM-12:50PM,Khalida Mazhar,16W,1.0
BIO 100 LEC 8,Biology Laboratory,R 9:00AM-9:50AM,Muhammad Tariq,16W,1.0
BIO 101 LEC 1,Introductory Biology,TR 2:30PM-3:45PM,Amir Faisal,16W,3.0
BIO 212 LEC 1,Biochemistry,TR 12:30PM-1:45PM,Faiz Ul Hassan Nasim,16W,3.0
CHEM 251 w/ BIO 212,Biochemistry,TR 12:30PM-1:45PM,Faiz Ul Hassan Nasim,16W,3.0
BIO 231 LEC 1,Computational Biology I,TR 4:30PM-5:45PM,Safee Ullah Chaudhary,16W,3.0
CS 232 w/ BIO 231,Computational Biology I,TR 4:30PM-5:45PM,Safee Ullah Chaudhary,16W,3.0
BIO 314 LEC 1,Virology and Microbiology,TR 2:00PM-3:15PM,Shaper Mirza,16W,3.0
BIO 402 SEM 1,Seminar in Biology II,F 10:30AM-11:20AM,Khurram Bashir,16W,1.0
BIO 415 LEC 1,Developmental Biology I,TR 12:00PM-1:50PM,Muhammad Tariq,16W,4.0
BIO 515 w/ BIO 415,Eukaryotic Development,TR 12:00PM-1:50PM,Muhammad Tariq,16W,4.0
BIO 621 LEC 1,Genetics and Genomics,TR 4:30PM-5:45PM,Muhammad Tariq,16W,3.0
CHE 230 LEC 1,"Chemical Engineering
Thermodynamics",TR 4:00PM-5:15PM,Faheem Hassan Akhtar,16W,3.0
CHE 262 LEC 1,Particle Science and Engineering,TR 12:00PM-1:15PM,Tauqeer Abbas,16W,3.0
CHE 273 LEC 1,Fluid Mechanics,MW 10:00AM-11:15AM,Qasim Imtiaz,16W,3.0
PHY 362 w/ CHE 273,Fluid Mechanics,MW 10:00AM-11:15AM,Qasim Imtiaz,16W,3.0
CHE 300B LAB 1,Chemical Engineering Lab III,T 2:30PM-5:20PM,Syed Qamber Ali Zaidi,16W,1.0
CHE 300C LAB 1,Chemical Engineering Lab IV,F 9:00AM-11:50AM,Hafiz Muhammad Afzal,16W,1.0
CHE 313 LEC 1,Material Science and Engineering,TR 4:30PM-5:45PM,Salman Noshear Arshad,16W,3.0
CHE 315 LEC 1,Chemical Process Simulation,TR 5:00PM-5:50PM,Asif Nadeem Tabish,16W,2.0
CHE 330 LEC 1,"Math Methods in Chemical
Engineering II",MW 8:00AM-9:15AM,Usman Bin Shahid,16W,3.0
CHE 360 LEC 1,"Chemical Kinetics and Reaction
Engineering",MW 9:30AM-10:45AM,Ali Rauf,16W,3.0
CHE 390 LEC 1,Transport Phenomena,MW 4:30PM-5:45PM,Qasim Imtiaz,16W,3.0
CHE 412 LEC 1,Membrane Science and Engineering,TR 11:00AM-12:15PM,Faheem Hassan Akhtar,16W,3.0
CHE 415 LEC 1,"Renewable Energy: Applications and
Economics",TR 8:00AM-9:15AM,Tauqeer Abbas,16W,3.0
CHE 430 LEC 1,Chemical Process Control,TR 9:00AM-10:15AM,Qandeel Almas,16W,3.0
CHE 480 LEC 1,Chemical Process Design II,T 12:30PM-1:20PM,Qandeel Almas,16W,3.0
CHE 480 LAB 1,Chemical Process Design II,TR 2:00PM-4:50PM,Qandeel Almas,16W,3.0
CHE 512 LEC 1,Biochemical Engineering,MW 2:00PM-3:15PM,Shahana Khurshid,16W,3.0
CHE 710 LEC 1,"Transport Processes in the
Environment",MW 12:00PM-1:15PM,Qasim Imtiaz,16W,3.0
CHE 712 LEC 1,Advanced Reaction Engineering,MW 9:30AM-10:45AM,Ali Rauf,16W,3.0
CHE 713 LEC 1,Engineering Thermodynamics,MW 4:00PM-5:15PM,Faheem Hassan Akhtar,16W,3.0
CHEM 100 LAB 1,Experimental Chemistry,M 10:00AM-12:50PM,Basit Yameen,16W,1.0
CHEM 100 LEC 1,Experimental Chemistry,M 9:00AM-9:50AM,Basit Yameen,16W,1.0
CHEM 100 LAB 2,Experimental Chemistry,T 10:00AM-12:50PM,Basit Yameen,16W,1.0
CHEM 100 LEC 2,Experimental Chemistry,T 9:00AM-9:50AM,Basit Yameen,16W,1.0
CHEM 100 LAB 3,Experimental Chemistry,W 10:00AM-12:50PM,Basit Yameen,16W,1.0
CHEM 100 LEC 3,Experimental Chemistry,W 9:00AM-9:50AM,Basit Yameen,16W,1.0
CHEM 100 LAB 4,Experimental Chemistry,R 10:00AM-12:50PM,Basit Yameen,16W,1.0
CHEM 100 LEC 4,Experimental Chemistry,R 9:00AM-9:50AM,Basit Yameen,16W,1.0
CHEM 100 LAB 5,Experimental Chemistry,M 10:00AM-12:50PM,Basit Yameen,16W,1.0
CHEM 100 LEC 5,Experimental Chemistry,M 9:00AM-9:50AM,Basit Yameen,16W,1.0
CHEM 100 LAB 6,Experimental Chemistry,T 10:00AM-12:50PM,Basit Yameen,16W,1.0
CHEM 100 LEC 7,Experimental Chemistry,W 9:00AM-9:50AM,Basit Yameen,16W,1.0
CHEM 100 LAB 8,Experimental Chemistry,R 10:00AM-12:50PM,Basit Yameen,16W,1.0
CHEM 100 LEC 8,Experimental Chemistry,R 9:00AM-9:50AM,Basit Yameen,16W,1.0
CHEM 230 LAB 1,Organic Chemistry Lab I,F 8:00AM-1:50PM,Irshad Hussain,16W,2.0
CHE 200A w/ CHEM 230,Chemical Engineering Lab I,F 8:00AM-1:50PM,Irshad Hussain,16W,2.0
CHEM 233 LEC 1,Molecular Spectroscopy,MW 5:00PM-6:15PM,Irshad Hussain,16W,3.0
PHY 337 w/ CHEM 233,Molecular Spectroscopy,MW 5:00PM-6:15PM,Irshad Hussain,16W,3.0
CHEM 311 LEC 1,Chemical Thermodynamics,MW 9:30AM-10:45AM,Falak Sher,16W,3.0
CHEM 320 LAB 1,Inorganic Chemistry Lab,T 3:00PM-5:50PM,Ghayoor Abbas Chotana,16W,2.0
CHEM 320 LEC 1,Inorganic Chemistry Lab,T 2:00PM-2:50PM,Ghayoor Abbas Chotana,16W,2.0
CHEM 324 LEC 1,Inorganic Chemistry I,MW 3:30PM-4:45PM,Muhammad Zaheer,16W,3.0
CHEM 334 LEC 1,Advanced Organic Chemistry,MW 5:00PM-6:15PM,"Rahman Shah Zaib
Saleem",16W,3.0
CHEM 410 LAB 1,Physical Chemistry Lab,M 11:00AM-4:50PM,TBA,16W,2.0
CHEM 503 LAB 1,"Experimental Methods in Chemical
Research",F 12:30PM-6:20PM,Ghayoor Abbas Chotana,16W,3.0
CHEM 503 LEC 1,"Experimental Methods in Chemical
Research",R 2:30PM-3:20PM,Irshad Hussain,16W,3.0
CHEM 515 LEC 1,Polymer Science and Technology,MW 3:30PM-4:45PM,Basit Yameen,16W,3.0
CHEM 522 LEC 1,Inorganic Materials Chemistry,MW 8:00AM-9:15AM,Muhammad Zaheer,16W,3.0
CHEM 533 LEC 1,Organic Spectroscopy,MW 11:00AM-12:15PM,"Rahman Shah Zaib
Saleem",16W,3.0
CLCA 1122 LEC 1,Readings in Urdu Literature,TR 10:00AM-11:50AM,Zahid Hussain,16W,4.0
CLCA 2121 LEC 1,The Pakistani Drama Serial,TR 10:00AM-11:50AM,Maryam Wasif Khan,16W,4.0
HIST 263 w/ CLCA 2121,The Pakistani Drama Serial,TR 10:00AM-11:50AM,Maryam Wasif Khan,16W,4.0
CLCA 2128 LEC 1,Partition Literature in Urdu,MW 12:00PM-1:50PM,Nasir Abbas,16W,4.0
CLCA 2135 LEC 1,Modern Urdu Poetics,MW 4:00PM-5:50PM,Ahtisham Ali,16W,4.0
CLCA 2223 LEC 1,The Art of Television and Web Series,MW 2:00PM-3:50PM,"Raja Mohammad Tabish
Habib",16W,4.0
CLCA 2310 LEC 1,Fiction Writing Workshop,TR 2:00PM-3:50PM,Bilal Tanweer,16W,4.0
CLCA 2402 LEC 1,Book Illustration,MW 2:00PM-3:50PM,Mahnoor Azeem,16W,4.0
CLCA 3000 SEM 1,Methods in Comparative Literature,F 9:00AM-12:50PM,Maryam Wasif Khan,16W,4.0
CLCA 3211 LEC 1,Film and Media Studies Seminar,MW 12:00PM-1:50PM,Zebunnisa Hamid,16W,4.0
CLCA 3217 LEC 1,"Bad Mothers,
Motherhood, and Mothering on Screen",MW 10:00AM-11:50AM,Amalie Goul Dueholm,16W,4.0
GSS 369 w/ CLCA 3217,"Bad Mothers,
Motherhood, and Mothering on Screen",MW 10:00AM-11:50AM,Amalie Goul Dueholm,16W,4.0
CLCA 3324 LEC 1,The Craft of Translation,MW 12:00PM-1:50PM,Bilal Tanweer,16W,4.0
CLCA 3522 LEC 1,The Art of the Cut,TR 12:00PM-1:50PM,"Raja Mohammad Tabish
Habib",16W,4.0
CLCA 3523 LEC 1,"Advanced Motion Media Techniques
(Animation II)",TR 4:00PM-5:50PM,"Muhammad Tayyab
Younas",16W,4.0
CS 100 LEC 1,Computational Problem Solving,MW 10:00AM-10:50AM,TBA,16W,3.0
CS 100 LAB 1,Computational Problem Solving,W 11:00AM-1:50PM,"Muhammad Fareed
Zaffar",16W,3.0
CS 1001 LEC 1,"Computational Problem Solving with
Python",MW 4:00PM-4:50PM,Aamina Jamal Khan,16W,3.0
CS 1001 LAB 1,"Computational Problem Solving with
Python",F 2:00PM-4:50PM,Mian Muhammad Awais,16W,3.0
CS 1001 LEC 2,"Computational Problem Solving with
Python",MW 8:00AM-9:15AM,Mian Muhammad Awais,16W,3.0
CS 1001 LAB 2,"Computational Problem Solving with
Python",W 3:30PM-6:20PM,Mian Muhammad Awais,16W,3.0
EE 201 w/ CS 200,Introduction to Programming,W 3:30PM-6:20PM,Mian Muhammad Awais,16W,4.0
CS 202 LEC 1,Data Structures,TR 11:30AM-12:45PM,Maryam Abdul Ghafoor,16W,3.0
EE 202 w/ CS 202,Data Structures,TR 11:30AM-12:45PM,Maryam Abdul Ghafoor,16W,3.0
CS 300 LEC 1,Advanced Programming,MW 5:00PM-6:15PM,Waqar Ahmad,16W,3.0
CS 300 LEC 2,Advanced Programming,TR 4:00PM-5:15PM,Waqar Ahmad,16W,3.0
CS 310 LEC 1,Algorithms,MW 2:00PM-3:15PM,Imdad ullah khan,16W,3.0
CS 5102 w/ CS 310,Algorithms,MW 2:00PM-3:15PM,Imdad ullah khan,16W,3.0
CS 315 LEC 1,Theory of Automata,MW 8:00AM-9:15AM,Laraib Iqbal Malik,16W,3.0
CS 331 LEC 1,"Foundations of AI and Machine
Learning",TR 9:30AM-10:45AM,Malik Jahan Khan,16W,3.0
EE 315 w/ CS 331,"Foundations of AI and Machine
Learning",TR 9:30AM-10:45AM,Malik Jahan Khan,16W,3.0
CS 334 LEC 1,"Principles and Techniques of Data
Science",MW 11:00AM-12:15PM,Mobin Javed,16W,3.0
EE 402 w/ CS 334,"Principles and Techniques of Data
Science",MW 11:00AM-12:15PM,Mobin Javed,16W,3.0
CS 360 LEC 1,Software Engineering,TR 1:00PM-2:15PM,Abdul Ali Bangash,16W,3.0
CS 382 LEC 1,Network-Centric Computing,MW 3:30PM-4:45PM,Momina Khan,16W,3.0
EE 475 w/ CS 382,Network-Centric Computing,MW 3:30PM-4:45PM,Momina Khan,16W,3.0
CS 413 LEC 1,"Teaching CS Beyond Campus:
Shaping Tech Literacy for Tomorrow",TR 5:00PM-6:15PM,TBA,16W,3.0
CS 432 LEC 1,Data Mining Tasks and Techniques,MW 12:30PM-1:45PM,Asim Karim,16W,3.0
CS 536 w/ CS 432,Data Mining Tasks and Techniques,MW 12:30PM-1:45PM,Asim Karim,16W,3.0
CS 464 LEC 1,Compiler Design,TR 9:00AM-10:15AM,Maryam Abdul Ghafoor,16W,3.0
CS 5607 w/ CS 464,Compiler Design,TR 9:00AM-10:15AM,Maryam Abdul Ghafoor,16W,3.0
CS 466 LEC 1,"Human-Computer Interaction and
Design",TR 10:30AM-11:45AM,Suleman Shahid,16W,3.0
CS 5613 w/ CS 466,"Human-Computer Interaction and
Design",TR 10:30AM-11:45AM,Suleman Shahid,16W,3.0
CS 473 LEC 1,Network Security,MW 9:30AM-10:45AM,Basit Shafiq,16W,3.0
CS 5714 w/ CS 473,Network Security,MW 9:30AM-10:45AM,Basit Shafiq,16W,3.0
EE 483 w/ CS 473,Network Security,MW 9:30AM-10:45AM,Basit Shafiq,16W,3.0
CS 487 LEC 1,Cloud Development,MW 3:30PM-4:45PM,Ali Khawaja,16W,3.0
CS 5603 w/ CS 487,Cloud Development,MW 3:30PM-4:45PM,Ali Khawaja,16W,3.0
CS 5302 LEC 1,Foundations of Generative AI,MW 5:00PM-6:15PM,Agha Ali Raza,16W,3.0
EE 416 w/ CS 5302,Foundations of Generative AI,MW 5:00PM-6:15PM,Agha Ali Raza,16W,3.0
EE 519 w/ CS 5302,Foundations of Generative AI,MW 5:00PM-6:15PM,Agha Ali Raza,16W,3.0
CS 5305 LEC 1,"MLOps, LLMOps, and Agentic AI
Systems",MW 2:00PM-3:15PM,Ali Khawaja,16W,3.0
CS 532 LEC 1,Applied AI,TR 9:30AM-10:45AM,Mian Muhammad Awais,16W,3.0
CS 5606 LEC 1,Designing Human-Centered AI,MW 11:30AM-12:45PM,Maryam Mustafa,16W,3.0
CS 564 LEC 1,"Software Development: Tools and
Processes",TR 5:00PM-6:15PM,Shafay Shamail,16W,3.0
CS 677 LEC 1,Internet of Things,TR 5:00PM-6:15PM,"Muhammad Hammad
Alizai",16W,3.0
DISC 112 LEC 1,Computer and Problem Solving,MW 9:30AM-10:45AM,Mahira Ilyas,16W,4.0
DISC 112 LAB 1,Computer and Problem Solving,F 9:30AM-12:20PM,Mahira Ilyas,16W,4.0
DISC 112 LEC 2,Computer and Problem Solving,MW 11:00AM-12:15PM,Mahira Ilyas,16W,4.0
DISC 112 LAB 2,Computer and Problem Solving,F 9:30AM-12:20PM,TBA,16W,4.0
DISC 112 LEC 3,Computer and Problem Solving,MW 2:00PM-3:15PM,Mahira Ilyas,16W,4.0
DISC 112 LAB 3,Computer and Problem Solving,F 2:30PM-5:20PM,Mahira Ilyas,16W,4.0
DISC 112 LEC 4,Computer and Problem Solving,MW 3:30PM-4:45PM,Mahira Ilyas,16W,4.0
DISC 112 LAB 4,Computer and Problem Solving,F 2:30PM-5:20PM,TBA,16W,4.0
DISC 112 LEC 5,Computer and Problem Solving,MW 8:00AM-9:15AM,Humbal Tariq,16W,4.0
DISC 112 LAB 5,Computer and Problem Solving,R 3:30PM-6:20PM,Humbal Tariq,16W,4.0
DISC 112 LEC 6,Computer and Problem Solving,MW 9:30AM-10:45AM,Humbal Tariq,16W,4.0
DISC 112 LAB 6,Computer and Problem Solving,R 3:30PM-6:20PM,TBA,16W,4.0
DISC 112 LEC 7,Computer and Problem Solving,MW 11:00AM-12:15PM,Humbal Tariq,16W,4.0
DISC 112 LAB 7,Computer and Problem Solving,F 9:30AM-12:20PM,Humbal Tariq,16W,4.0
DISC 112 LEC 8,Computer and Problem Solving,MW 2:00PM-3:15PM,Humbal Tariq,16W,4.0
DISC 112 LAB 8,Computer and Problem Solving,F 2:30PM-5:20PM,Humbal Tariq,16W,4.0
DISC 203 LEC 1,Probability and Statistics,TR 2:00PM-3:15PM,Maheen Aamir Syed,16W,3.0
DISC 212 LEC 1,Introduction to Management Science,TR 12:30PM-1:45PM,Zaid Saeed Khan,16W,3.0
DISC 212 LEC 2,Introduction to Management Science,TR 2:00PM-3:15PM,Zaid Saeed Khan,16W,3.0
DISC 212 LEC 3,Introduction to Management Science,MW 9:30AM-10:45AM,Kamran Rashid,16W,3.0
DISC 212 LEC 4,Introduction to Management Science,MW 11:00AM-12:15PM,Kamran Rashid,16W,3.0
DISC 231 LEC 1,Operations Management,TR 11:00AM-12:15PM,Samnan Ali,16W,3.0
DISC 231 LEC 2,Operations Management,TR 12:30PM-1:45PM,Samnan Ali,16W,3.0
DISC 231 LEC 3,Operations Management,TR 9:30AM-10:45AM,Zehra Waheed,16W,3.0
DISC 321 LEC 1,Decision Analysis,MW 9:00AM-10:50AM,"Sheikh Attique Ur
Rehman",16W,4.0
DISC 321 LEC 2,Decision Analysis,TR 9:00AM-10:50AM,"Sheikh Attique Ur
Rehman",16W,4.0
DISC 322 LEC 1,"Optimization Methods in Management
Science",MW 2:00PM-3:15PM,Kamran Rashid,16W,3.0
DISC 322 LEC 2,"Optimization Methods in Management
Science",MW 3:30PM-4:45PM,Kamran Rashid,16W,3.0
DISC 323 LEC 1,Decision Behaviour,MW 5:00PM-6:15PM,"Sheikh Attique Ur
Rehman",16W,3.0
DISC 323 LEC 2,Decision Behaviour,TR 5:00PM-6:15PM,"Sheikh Attique Ur
Rehman",16W,3.0
DISC 325 LEC 1,Business Data Management,TR 2:00PM-3:15PM,Imdad ullah khan,16W,3.0
DISC 326 LEC 1,Data Science for Decision Making,MW 9:30AM-10:45AM,TBA,16W,3.0
DISC 327 LEC 1,Risk Management Process,MW 5:00PM-6:15PM,Ahmed Majeed Khan,16W,3.0
DISC 333 LEC 1,"Supply Chain and Logistics
Management",MW 12:30PM-1:45PM,Raja Usman Khalid,16W,3.0
DISC 420 LEC 1,Business Analytics,MW 12:30PM-1:45PM,Maheen Aamir Syed,16W,3.0
DISC 420 LEC 2,Business Analytics,MW 2:00PM-3:15PM,Maheen Aamir Syed,16W,3.0
DISC 8603 LEC 1,Causal Models,M 9:00AM-12:00PM,"Muhammad Ghufran
Ahmad",16W,1.5
DISC 8604 LEC 1,Machine Learning Models,M 9:00AM-12:00PM,"Muhammad Ghufran
Ahmad",16W,1.5
DISC 8607 LEC 1,Qualitative Research Methods,M 12:30PM-3:30PM,Ayesha Masood,16W,3.0
ECON 100 LEC 1,Principles of Economics,TR 4:30PM-6:20PM,Lyyla Khalid,16W,4.0
ECON 111 LEC 1,Principles of Microeconomics,TR 12:00PM-1:15PM,Hana Zahir,16W,4.0
ECON 111 RAC 2,Principles of Microeconomics,F 10:00AM-10:50AM,Ayesha Karim Malik,16W,4.0
ECON 111 RAC 3,Principles of Microeconomics,F 11:00AM-11:50AM,Ayesha Karim Malik,16W,4.0
ECON 111 RAC 1,Principles of Microeconomics,F 9:00AM-9:50AM,Ayesha Karim Malik,16W,4.0
ECON 111 LEC 2,Principles of Microeconomics,TR 9:00AM-10:15AM,Tareena Musaddiq,16W,4.0
ECON 111 RAC 6,Principles of Microeconomics,F 4:30PM-5:20PM,Ayesha Karim Malik,16W,4.0
ECON 111 RAC 4,Principles of Microeconomics,F 2:00PM-2:50PM,Ayesha Karim Malik,16W,4.0
ECON 111 RAC 5,Principles of Microeconomics,F 12:00PM-12:50PM,Ayesha Karim Malik,16W,4.0
ECON 111 LEC 3,Principles of Microeconomics,MW 4:30PM-5:45PM,Syeda Warda Riaz,16W,4.0
ECON 111 RAC 7,Principles of Microeconomics,F 3:00PM-3:50PM,Rida Hameed,16W,4.0
ECON 111 RAC 8,Principles of Microeconomics,F 11:00AM-11:50AM,Rida Hameed,16W,4.0
ECON 111 RAC 9,Principles of Microeconomics,F 10:00AM-10:50AM,Rida Hameed,16W,4.0
ECON 111 LEC 4,Principles of Microeconomics,MW 3:30PM-4:45PM,Malik Fakhar Ahmed,16W,4.0
ECON 111 RAC 10,Principles of Microeconomics,F 4:00PM-4:50PM,Rida Hameed,16W,4.0
ECON 111 RAC 11,Principles of Microeconomics,F 12:00PM-12:50PM,Rida Hameed,16W,4.0
ECON 111 RAC 12,Principles of Microeconomics,F 2:00PM-2:50PM,Rida Hameed,16W,4.0
ECON 121 LEC 1,Principles of Macroeconomics,TR 9:00AM-10:15AM,Fahd Ali,16W,4.0
ECON 121 RAC 2,Principles of Macroeconomics,W 3:30PM-4:20PM,TBA,16W,4.0
ECON 121 RAC 3,Principles of Macroeconomics,W 4:00PM-4:50PM,TBA,16W,4.0
ECON 121 RAC 1,Principles of Macroeconomics,W 2:00PM-2:50PM,TBA,16W,4.0
ECON 121 LEC 2,Principles of Macroeconomics,MW 12:00PM-1:15PM,Kashif Zaheer Malik,16W,4.0
ECON 121 RAC 6,Principles of Macroeconomics,R 4:30PM-5:20PM,TBA,16W,4.0
ECON 121 RAC 4,Principles of Macroeconomics,R 2:00PM-2:50PM,TBA,16W,4.0
ECON 121 RAC 5,Principles of Macroeconomics,R 3:30PM-4:20PM,TBA,16W,4.0
ECON 121 LEC 3,Principles of Macroeconomics,MW 2:30PM-3:45PM,Xiaolong Hou,16W,4.0
ECON 121 RAC 8,Principles of Macroeconomics,R 10:00AM-10:50AM,Khadija Aftab,16W,4.0
ECON 121 RAC 11,Principles of Macroeconomics,R 12:00PM-12:50PM,Khadija Aftab,16W,4.0
ECON 121 RAC 12,Principles of Macroeconomics,R 1:00PM-1:50PM,Khadija Aftab,16W,4.0
ECON 211 LEC 1,Intermediate Microeconomics,TR 10:30AM-11:45AM,Ayesha Ali,16W,4.0
ECON 211 LEC 2,Intermediate Microeconomics,TR 2:00PM-3:15PM,Ayesha Ali,16W,4.0
ECON 213 LEC 1,Behavioral Economics,TR 12:00PM-1:50PM,Farah Said,16W,4.0
ECON 221 LEC 1,Intermediate Macroeconomics,MW 4:30PM-6:20PM,Usman Elahi,16W,4.0
ECON 230 LEC 1,Statistics and Data Analysis,MW 11:30AM-1:20PM,Usman Elahi,16W,4.0
ECON 230 LEC 2,Statistics and Data Analysis,MW 12:00PM-1:50PM,Osama Khan,16W,4.0
ECON 2301 SEM 1,Data Analytics Lab I,R 10:00AM-11:50AM,Eeman Shehzad Qureshi,16W,2.0
ECON 2301 SEM 2,Data Analytics Lab I,T 3:30PM-5:20PM,Eeman Shehzad Qureshi,16W,2.0
ECON 233 LEC 1,Introduction to Game Theory,TR 10:00AM-11:50AM,Lyyla Khalid,16W,4.0
ECON 233 LEC 2,Introduction to Game Theory,TR 4:30PM-6:20PM,Faisal Bari,16W,4.0
MATH 232 w/ ECON 233,Introduction to Game Theory,TR 4:30PM-6:20PM,Faisal Bari,16W,4.0
ECON 240 LEC 1,Development Economics,MW 4:00PM-5:50PM,Nadia Mukhtar Sayed,16W,4.0
ECON 240 LEC 2,Development Economics,MW 2:00PM-3:50PM,Syeda Warda Riaz,16W,4.0
ECON 261 LEC 1,Principles of Finance,TR 10:00AM-11:50AM,Sheraz Latif Malik,16W,4.0
ECON 311 LEC 1,Industrial Organisation,MW 12:00PM-1:50PM,Malik Fakhar Ahmed,16W,4.0
ECON 330 LEC 1,Econometrics,MW 1:00PM-2:50PM,Adeel Tariq,16W,4.0
ECON 330 LEC 2,Econometrics,MW 10:00AM-11:50AM,Adeel Tariq,16W,4.0
ECON 330 LEC 3,Econometrics,TR 12:00PM-1:50PM,"Muhammad Farooq
Naseer",16W,4.0
ECON 3301 SEM 1,Data Analytics Lab II,R 2:30PM-4:20PM,Rabia Khan,16W,2.0
ECON 3301 SEM 2,Data Analytics Lab II,F 11:00AM-12:50PM,Rabia Khan,16W,2.0
ECON 3301 SEM 3,Data Analytics Lab II,T 2:00PM-3:50PM,Yushma Umar,16W,2.0
ECON 3302 LEC 1,"Introduction to Cooperative Game
Theory",MW 2:00PM-3:50PM,Osama Khan,16W,4.0
ECON 3402 LEC 1,Gender Economics,TR 2:00PM-3:50PM,Hana Zahir,16W,4.0
GSS 316 w/ ECON 3402,Gender Economics,TR 2:00PM-3:50PM,Hana Zahir,16W,4.0
ECON 3404 LEC 1,Ethics and Economics,MW 10:00AM-11:50AM,Khalid Mir,16W,4.0
ECON 3603 LEC 1,"Money and Monetary Policy:
Applications to Pakistan",TR 10:00AM-11:50AM,Ahmed M. Khalid .,16W,4.0
ECON 3604 LEC 1,Bank Financial Management,MW 10:00AM-11:50AM,Ahmed M. Khalid .,16W,4.0
ECON 371 LEC 1,Public Economics,TR 10:00AM-11:50AM,Syed Muhammad Hasan,16W,4.0
ECON 411 LEC 1,Advanced Microeconomics,MW 10:00AM-11:50AM,Mushtaq Ahmad Khan,16W,4.0
ECON 414 LEC 1,Applied Microeconomics,TR 11:00AM-12:50PM,Abid Aman Burki,16W,4.0
ECON 421 LEC 1,Advanced Macroeconomics,MW 10:00AM-11:50AM,Syed Zahid Ali,16W,4.0
ECON 4303 LEC 1,"Causal Inference and Research Design
for Policy Evaluation",TR 1:00PM-2:50PM,Tareena Musaddiq,16W,4.0
ECON 435 LEC 1,Advanced Game Theory,MW 2:00PM-3:50PM,Amin Hussain,16W,4.0
ECON 4404 LEC 1,Economics of Artificial Intelligence,MW 12:00PM-1:50PM,Syed Ali Hasanain,16W,4.0
ECON 441 LEC 1,Development Economics Theory,TR 2:00PM-3:50PM,Khalid Mir,16W,4.0
EDU 210 LEC 1,Critical Debates in Education,TR 11:30AM-12:45PM,Jasir Shahbaz,16W,3.0
EDU 213 SEM 1,Philosophy of Education,T 10:00AM-12:50PM,Hasham Nasir,16W,3.0
EDU 224 LEC 1,"Theories of Child and Adolescent
Development in Education",TR 11:30AM-12:45PM,Fizza Suhail,16W,3.0
EDU 225 LEC 1,Motivation and Learning,MW 2:00PM-3:15PM,Aaishay Haque,16W,3.0
EDU 250 LEC 1,Education in the Pakistani Context,TR 3:30PM-4:45PM,Jasir Shahbaz,16W,3.0
EDU 263 LEC 1,Quantitative Research Methods,MW 2:00PM-3:15PM,Ahmad Ayub,16W,3.0
EDU 310 LEC 1,"Learning in a Changing World:
Climate, Environment & Human
Capital",MW 10:00AM-11:15AM,Rida Hameed,16W,3.0
EDU 3204 LEC 1,"Enhancing Inclusion: Exploring
Autism and Intellectual Disability",MW 3:30PM-4:45PM,Aaishay Haque,16W,3.0
EDU 3208 LEC 1,"Beyond the Test: Assessment for
Learning",MW 11:30AM-12:45PM,Ayesha Malik Khan,16W,3.0
EDU 3209 LEC 1,Mindfulness and Resilience,TR 2:00PM-3:15PM,Fizza Suhail,16W,3.0
EDU 332 LEC 1,Curriculum Theory and History,MW 11:30AM-12:45PM,Joti Ghani,16W,3.0
EDU 333 LEC 1,"Culturally Responsive Social-
Emotional Learning",MW 10:00AM-11:15AM,Joti Ghani,16W,3.0
EDU 345 SEM 1,Practicing Leadership,T 2:00PM-4:50PM,Hasham Nasir,16W,3.0
EDU 346 LEC 1,"Cultivating Authentic Leadership: A
Journey into Self-Discovery",MW 3:30PM-4:45PM,"Muhammad Tayyab
Iftikhar",16W,3.0
EDU 352 LEC 1,Education Policy Analysis,TR 11:30AM-12:45PM,Faisal Bari,16W,3.0
EDU 413 SEM 1,What does it mean to 'be educated'?,F 2:00PM-4:50PM,Irfan Muzaffar,16W,3.0
EDU 5202 LEC 1,"Pedagogy: Intersections of the Taught,
Written, and Assessed Curriculum",TR 10:00AM-11:15AM,Jessica Albrent,16W,3.0
EDU 426 w/ EDU 5202,"Pedagogy: Intersections of the Taught,
Written, and Assessed Curriculum",TR 10:00AM-11:15AM,Jessica Albrent,16W,3.0
EDU 5203 SEM 1,Education for Emergencies,W 2:00PM-4:50PM,Tayyaba Tamim,16W,3.0
EDU 541 SEM 1,School Effectiveness and Development,T 2:00PM-4:50PM,TBA,16W,3.0
EDU 561 SEM 1,Applied Data Analysis,W 10:00AM-12:50PM,"Mohammad Mansoor
Khan",16W,3.0
EDU 562 LAB 1,Data Lab,M 10:00AM-12:50PM,Ahmad Ayub,16W,1.0
EDUX 541 LEC 1,School Effectiveness and Development,SU 9:00AM-10:50AM,Gulab Khan,16W,3.0
EDUX 543 LEC 1,"Essential Management Tools for
Aspiring Educational Leaders",U 11:00AM-12:50PM,Bilal Ahsan Malik,16W,3.0
EDUX 561 SEM 1,Applied Data Analysis,S 11:00AM-12:50PM,"Mohammad Mansoor
Khan",16W,3.0
EDUX 562 LAB 1,Data Lab,SU 4:00PM-5:50PM,Ahmad Ayub,16W,1.0
EDUX 623 SEM 1,"Effective Teaching and Learning in
Higher Education",U 11:00AM-12:50PM,Mariam Haider,16W,3.0
EDUX 624 SEM 1,"Leadership and Administration in
Higher Education",U 11:00AM-12:50PM,Sadaf Latafat,16W,3.0
EE 220 LEC 1,Digital Logic Circuits,MW 5:00PM-6:15PM,Nauman Zafar Butt,16W,3.0
CS 220 w/ EE 220,Digital Logic Circuits,MW 5:00PM-6:15PM,Nauman Zafar Butt,16W,3.0
EE 220L LAB 1,Digital Logic Circuits Lab,F 2:00PM-4:50PM,Nauman Zafar Butt,16W,1.0
EE 220L LAB 2,Digital Logic Circuits Lab,T 8:00AM-10:50AM,Nauman Zafar Butt,16W,1.0
EE 220L LAB 5,Digital Logic Circuits Lab,F 9:30AM-12:20PM,Nauman Zafar Butt,16W,1.0
EE 220L LAB 6,Digital Logic Circuits Lab,W 8:00AM-10:50AM,Nauman Zafar Butt,16W,1.0
CS 220L w/ EE 220L,Digital Logic Circuits Lab,W 8:00AM-10:50AM,Nauman Zafar Butt,16W,1.0
EE 241L LAB 1,Introductory Circuits Lab,M 8:00AM-1:50PM,Hassan Abbas Khan,16W,2.0
EE 241L LAB 2,Introductory Circuits Lab,W 8:00AM-1:50PM,"Muhammad Imran
Cheema",16W,2.0
EE 242 LEC 1,Circuits II,TR 9:30AM-10:45AM,Naveed Ul Hassan,16W,3.0
EE 3001 LEC 1,"Junior Design Studio - Electric
Vehicles",F 11:00AM-12:50PM,Hafsa Qamar,16W,3.0
EE 3001 LAB 1,"Junior Design Studio - Electric
Vehicles",F 2:00PM-4:50PM,Hafsa Qamar,16W,3.0
EE 3002 LEC 1,Junior Design Studio - Robotics,MW 5:00PM-5:50PM,Hassan Jaleel,16W,3.0
EE 3002 LAB 1,Junior Design Studio - Robotics,F 2:30PM-5:20PM,Hassan Jaleel,16W,3.0
EE 310 LEC 1,Signals and Systems,MW 2:00PM-3:15PM,Zubair Khalid,16W,3.0
EE 320 LEC 1,"Computer Organization and Assembly
Language",MW 2:00PM-3:15PM,Nadeem Ahmad Khan,16W,4.0
EE 320 LAB 1,"Computer Organization and Assembly
Language",F 9:30AM-12:20PM,Nadeem Ahmad Khan,16W,4.0
CS 320 w/ EE 320,"Computer Organization and Assembly
Language",F 9:30AM-12:20PM,Nadeem Ahmad Khan,16W,4.0
EE 341 LEC 1,Microelectronic Design,MW 12:30PM-1:45PM,Muhammad Ali Siddiqi,16W,3.0
EE 356 LEC 1,"Electrical Machines and Power
Systems",MW 11:00AM-12:15PM,Raheel Zafar,16W,3.0
EE 356L LAB 1,"Electrical Machines and Power
Systems Lab",R 9:00AM-11:50AM,Raheel Zafar,16W,1.0
EE 356L LAB 2,"Electrical Machines and Power
Systems Lab",W 12:30PM-3:20PM,Raheel Zafar,16W,1.0
EE 356L LAB 3,"Electrical Machines and Power
Systems Lab",F 2:00PM-4:50PM,Raheel Zafar,16W,1.0
EE 361 LEC 1,Feedback Control Systems,TR 1:00PM-2:15PM,Abubakr Muhammad,16W,3.0
EE 361L LAB 1,Feedback Control Systems Lab,F 9:00AM-11:50AM,Mudassar Ejaz,16W,1.0
EE 361L LAB 2,Feedback Control Systems Lab,R 3:00PM-5:50PM,Mudassar Ejaz,16W,1.0
EE 412 LEC 1,Principles of Digital Audio and Video,MW 9:30AM-10:45AM,Nadeem Ahmad Khan,16W,3.0
CS 455 w/ EE 412,Principles of Digital Audio and Video,MW 9:30AM-10:45AM,Nadeem Ahmad Khan,16W,3.0
EE 434 LEC 1,Principles of Optics,TR 3:00PM-4:15PM,"Muhammad Imran
Cheema",16W,3.0
EE 5313 w/ EE 434,Principles of Optics,TR 3:00PM-4:15PM,"Muhammad Imran
Cheema",16W,3.0
PHY 416 w/ EE 434,Principles of Optics,TR 3:00PM-4:15PM,"Muhammad Imran
Cheema",16W,3.0
PHY 5115 w/ EE 434,Principles of Optics,TR 3:00PM-4:15PM,"Muhammad Imran
Cheema",16W,3.0
EE 452 LEC 1,Power Electronics,TR 9:30AM-10:45AM,Hafsa Qamar,16W,3.0
EE 552 w/ EE 452,Power Electronics,TR 9:30AM-10:45AM,Hafsa Qamar,16W,3.0
EE 452L LAB 1,Power Electronics Lab,F 8:00AM-10:50AM,Hafsa Qamar,16W,1.0
EE 552L w/ EE 452L,Power Electronics Lab,F 8:00AM-10:50AM,Hafsa Qamar,16W,1.0
EE 5214 LEC 1,Verification of Digital Systems,MW 11:00AM-12:15PM,Naeem Ahmad Abbasi,16W,3.0
EE 522 LEC 1,Embedded Systems,TR 4:00PM-5:15PM,"Muhammad Adeel
Ahmed Pasha",16W,3.0
EE 523 LEC 1,VLSI Design,TR 2:30PM-3:45PM,Shahid Masud,16W,3.0
EE 525 LEC 1,Photovoltaic Devices,MW 12:30PM-1:45PM,Nauman Zafar Butt,16W,3.0
PHY 532 w/ EE 525,Photovoltaic Devices,MW 12:30PM-1:45PM,Nauman Zafar Butt,16W,3.0
EE 5512 LEC 1,Power System Operation and Control,TR 3:00PM-4:15PM,Raheel Zafar,16W,3.0
EE 5512 LEC 2,Power System Operation and Control,SU 8:30AM-10:35AM,Omair Haroon,16W,3.0
EMBA 5021 LEC 1,Managerial Finance,SU 11:05AM-1:10PM,Syed Mubashir Ali,16W,1.0
EMBA 5021 LEC 2,Managerial Finance,SU 2:35PM-4:40PM,Syed Mubashir Ali,16W,1.0
EMBA 5031 LEC 1,"Operations and Supply Chain
Management",SU 11:05AM-1:10PM,"Muhammad Shakeel
Sadiq Jajja",16W,1.0
EMBA 5031 LEC 2,"Operations and Supply Chain
Management",SU 2:35PM-4:40PM,"Muhammad Shakeel
Sadiq Jajja",16W,1.0
EMBA 5033 LEC 1,"Innovation and Technology
Management",SU 8:30AM-10:35AM,"Muhammad Adeel
Zaffar",16W,1.0
EMBA 5033 LEC 2,"Innovation and Technology
Management",SU 11:05AM-1:10PM,"Muhammad Adeel
Zaffar",16W,1.0
EMBA 5051 LEC 1,Managing People,SU 8:30AM-10:35AM,"Jawad Sarwar Naqvi
Syed",16W,1.0
EMBA 5051 LEC 2,Managing People,SU 11:05AM-1:10PM,"Jawad Sarwar Naqvi
Syed",16W,1.0
EMBA 5053 LEC 1,Leading Organizations,SU 8:30AM-10:35AM,Ghulam Ali Arain,16W,1.0
EMBA 5111 LEC 1,Managerial Economics,SU 2:35PM-4:40PM,"Choudhry Tanveer
Shehzad",16W,1.0
EMBA 5111 LEC 2,Managerial Economics,SU 8:30AM-10:35AM,"Choudhry Tanveer
Shehzad",16W,1.0
EMBA 6241 LEC 1,Islamic Ethics,SU 2:35PM-4:40PM,"Jawad Sarwar Naqvi
Syed",16W,0.5
EMBA 6242 LEC 1,Corporate Governance,SU 2:35PM-4:40PM,Bushra Naqvi,16W,0.5
EMBA 6304 LEC 1,Business Strategy,SU 11:05AM-1:10PM,Ehsan Ul Haque,16W,1.0
ENGG 100 LAB 1,Design and Measurement Lab,T 10:00AM-2:50PM,Muhammad Tahir,16W,2.0
ENGG 100 LEC 1,Design and Measurement Lab,T 9:00AM-9:50AM,Muhammad Tahir,16W,2.0
ENGG 100 LAB 2,Design and Measurement Lab,M 9:00AM-1:50PM,Nauman Ahmad Zaffar,16W,2.0
ENGG 100 LEC 2,Design and Measurement Lab,M 8:00AM-8:50AM,Nauman Ahmad Zaffar,16W,2.0
ENGG 100 LAB 3,Design and Measurement Lab,M 1:30PM-6:20PM,"Muhammad Hamza
Humayun",16W,2.0
ENGG 100 LEC 3,Design and Measurement Lab,M 12:30PM-1:20PM,"Muhammad Hamza
Humayun",16W,2.0
ENGG 100 LAB 4,Design and Measurement Lab,W 1:00PM-5:50PM,"Muhammad Hamza
Humayun",16W,2.0
ENGG 100 LEC 4,Design and Measurement Lab,W 12:00PM-12:50PM,"Muhammad Hamza
Humayun",16W,2.0
ENGG 100 LAB 5,Design and Measurement Lab,R 9:00AM-1:50PM,Hafiz Muhammad Afzal,16W,2.0
ENGG 100 LEC 5,Design and Measurement Lab,R 8:00AM-8:50AM,Usman Bin Shahid,16W,2.0
ENGL 1111 LEC 1,The Word and the World,MW 2:00PM-3:50PM,Raniya Hosain,16W,4.0
ENGL 2151 LEC 1,"The Anti Scooby Doo’s: A Selective
Survey of Detective Fiction",TR 4:00PM-5:50PM,Farah Hasan Ali,16W,4.0
ENGL 2152 LEC 1,"Gangs, Wizards and Soldiers: Young
Adult Literature through the Ages",TR 11:00AM-12:50PM,Saba Pirzadeh,16W,4.0
ENGL 2811 LEC 1,"Rethinking the Politics of Harem in
Literature: Women, Islam, and
Gendered Spaces",MW 12:00PM-1:50PM,Sadia Zulfiqar,16W,4.0
HIST 3223 w/ ENGL 3712,"Writing Broken Homelands: Partition
Literature in Pakistan, India and
Palestine",MW 12:00PM-1:50PM,Sadia Zulfiqar,16W,4.0
ENGL 3812 LEC 1,"African Literature: Women Writing
Back",MW 10:00AM-11:50AM,Sadia Zulfiqar,16W,4.0
GSS 363 w/ ENGL 3812,"African Literature: Women Writing
Back",MW 10:00AM-11:50AM,Sadia Zulfiqar,16W,4.0
ENV 102 LEC 1,Introduction to Environmental Studies,MW 1:00PM-2:50PM,Sana Khosa,16W,4.0
ENV 210 LEC 1,Methods in Environmental Studies,TR 12:00PM-1:50PM,Fazilda Nabeel,16W,4.0
ENV 322 LEC 1,Environmental Governance,TR 12:00PM-1:50PM,Sana Khosa,16W,4.0
POL 338 w/ ENV 322,Environmental Governance,TR 12:00PM-1:50PM,Sana Khosa,16W,4.0
ENV 334 LEC 1,Politics of Water,MW 12:00PM-1:50PM,Fazilda Nabeel,16W,4.0
POL 355 w/ ENV 334,Politics of Water,MW 12:00PM-1:50PM,Fazilda Nabeel,16W,4.0
ENV 342 LEC 1,Environmentalism and Development,TR 10:00AM-11:50AM,Maryam Ibrahim,16W,4.0
SOC 324 w/ ENV 342,Environmentalism and Development,TR 10:00AM-11:50AM,Maryam Ibrahim,16W,4.0
FINN 100 LEC 1,Principles of Finance,TR 11:00AM-12:15PM,Bushra Naqvi,16W,3.0
FINN 100 LEC 2,Principles of Finance,TR 12:30PM-1:45PM,Bushra Naqvi,16W,3.0
FINN 100 LEC 3,Principles of Finance,TR 2:00PM-3:15PM,Bushra Naqvi,16W,3.0
FINN 100 LEC 4,Principles of Finance,MW 9:30AM-10:45AM,Salman Khan,16W,3.0
FINN 100 LEC 5,Principles of Finance,MW 11:00AM-12:15PM,Salman Khan,16W,3.0
FINN 100 LEC 6,Principles of Finance,TR 12:30PM-1:45PM,Zainab Mehmood,16W,3.0
FINN 100 LEC 7,Principles of Finance,TR 2:00PM-3:15PM,Zainab Mehmood,16W,3.0
FINN 100 LEC 8,Principles of Finance,TR 8:00AM-9:15AM,"Syed Hashim Mahmood
Ali",16W,3.0
FINN 200 LEC 1,Intermediate Finance,MW 2:00PM-3:15PM,Seyyed Fazal Jawad,16W,3.0
FINN 222 LEC 1,"Introduction to Mathematics of
Finance",MW 9:30AM-10:45AM,Ayesha Ahmad,16W,3.0
FINN 242 LEC 1,"Islamic Capital Markets and
Instruments",TR 11:00AM-12:15PM,Talha Farrukh,16W,3.0
FINN 243 LEC 1,"Fintech Revolution: Market Disruption
and Emerging Opportunities",TR 5:00PM-6:15PM,"Syed Hashim Mahmood
Ali",16W,3.0
FINN 341A LEC 1,Financial Institutions and Markets,MW 5:00PM-6:15PM,"Syed Hashim Mahmood
Ali",16W,3.0
FINN 372 LEC 1,Actuarial Sciences and Insurance,TR 12:30PM-1:45PM,Nauman Afzal Cheema,16W,3.0
FINN 373 LEC 1,"Fundamentals of Actuarial
Mathematics I",MW 5:00PM-6:15PM,Muhammad Ali Syed,16W,3.0
FINN 400 LEC 1,Applied Corporate Finance,TR 9:30AM-10:45AM,Syed Aun Raza Rizvi,16W,3.0
FINN 400 LEC 2,Applied Corporate Finance,TR 11:00AM-12:15PM,Syed Aun Raza Rizvi,16W,3.0
FINN 441 LEC 1,Islamic Banking and Finance,MW 3:30PM-4:45PM,Saad Azmat,16W,3.0
FINN 453 LEC 1,Financial Derivatives,TR 12:30PM-1:45PM,Ferhana Ahmed,16W,3.0
FINN 454 LEC 1,Portfolio Management,TR 11:00AM-12:15PM,"Syed Kumail Abbas
Rizvi",16W,3.0
FMG 6201 LEC 1,Corporate Finance and Valuation,FSU 4:15PM-6:15PM,Fazal Jawad Seyyed,16W,3.0
FMG 6301 LEC 1,Investments and Portfolio Management,FSU 10:45AM-12:45PM,"Syed Kumail Abbas
Rizvi",16W,3.0
FMG 6302 LEC 1,Derivatives and Fixed Income,FSU 2:00PM-4:00PM,Ferhana Ahmed,16W,3.0
FMG 6401 LEC 1,"Entrepreneurial Finance and Venture
Capital",FSU 8:30AM-10:30AM,Salman Khan,16W,3.0
GSL 102 SEM 1,"Chinese Language for Beginners (HSK
Level 1)",MW 9:00AM-10:50AM,Hui Qi,16W,4.0
GSL 103 SEM 1,"Chinese Language for Beginners (HSK
Level 2)",MW 11:00AM-12:50PM,Hui Qi,16W,4.0
GSS 302 LEC 1,Feminist Theory,TR 1:00PM-2:50PM,Sameera Abbas,16W,4.0
SOC 363 w/ GSS 302,Feminist Theory,TR 1:00PM-2:50PM,Sameera Abbas,16W,4.0
GSS 375 LEC 1,"Maternal Figures and National Fictions
in the Anglophone World",TR 8:00AM-9:50AM,Sameera Abbas,16W,4.0
ENGL 3811 w/ GSS 375,"Maternal Figures and National Fictions
in the Anglophone World",TR 8:00AM-9:50AM,Sameera Abbas,16W,4.0
HIST 101 LEC 1,World Civilizations,MW 8:00AM-9:50AM,"Nadhra Shahbaz Naeem
Khan",16W,4.0
HIST 127 LEC 1,A Peoples History of Pakistan,MW 12:00PM-1:50PM,Ilyas Ahmad Chattha,16W,4.0
HIST 225 LEC 1,Bazaar Asia,MW 12:30PM-2:20PM,Hassan Haider Karrar,16W,4.0
HIST 2313 LEC 1,Global Environmental History,TR 12:00PM-1:50PM,Waqar Zaidi,16W,4.0
ENV 232 w/ HIST 2313,Global Environmental History,TR 12:00PM-1:50PM,Waqar Zaidi,16W,4.0
HIST 315 LEC 1,History of Miniature Painting,MW 2:00PM-3:50PM,"Nadhra Shahbaz Naeem
Khan",16W,4.0
HIST 3324 LEC 1,"(Her)Story as History: Gender, Genre
and Women’s Life Writings in South
Asia",TR 12:00PM-1:50PM,Saman Tariq Malik,16W,4.0
GSS 376 w/ HIST 3324,"(Her)Story as History: Gender, Genre
and Women’s Life Writings in South
Asia",TR 12:00PM-1:50PM,Saman Tariq Malik,16W,4.0
HIST 382 LEC 1,Waris Shah's Heer,WF 8:00AM-9:50AM,Ali Usman Qasmi,16W,4.0
CLCA 3143 w/ HIST 382,Waris Shah's Heer,WF 8:00AM-9:50AM,Ali Usman Qasmi,16W,4.0
HMI 6101 LEC 1,Health Systems Management,FSU 10:45AM-12:45PM,Kashif Maqbool Khan,16W,1.5
HMI 6102 LEC 1,"Healthcare Policy, Politics and Law",FSU 4:00PM-6:00PM,Muhammad Adeel Alvi,16W,1.5
HMI 6103 LEC 1,Leadership Challenges in Healthcare,FSU 10:45AM-12:45PM,"Muhammad Ghufran
Ahmad",16W,1.5
HMI 6201 LEC 1,"Innovation and Entrepreneurship in
Healthcare",FSU 8:30AM-10:30AM,Ehsan Ul Haque,16W,3.0
HMI 6204A LEC 1,Advanced Analytics Healthcare - I,FSU 4:00PM-6:00PM,Tabjeel Ashraf,16W,1.5
HSS 101 LEC 1,First Year Advising Tutorial,T 6:30PM-8:20PM,TBA,16W,0.5
HSS 101 LEC 2,First Year Advising Tutorial,T 6:30PM-8:20PM,TBA,16W,0.5
HSS 101 LEC 3,First Year Advising Tutorial,T 6:30PM-8:20PM,TBA,16W,0.5
HSS 101 LEC 4,First Year Advising Tutorial,T 6:30PM-8:20PM,TBA,16W,0.5
HSS 101 LEC 5,First Year Advising Tutorial,T 6:30PM-8:20PM,TBA,16W,0.5
HSS 101 LEC 6,First Year Advising Tutorial,T 6:30PM-8:20PM,TBA,16W,0.5
HSS 101 LEC 7,First Year Advising Tutorial,T 6:30PM-8:20PM,TBA,16W,0.5
HSS 101 LEC 8,First Year Advising Tutorial,T 6:30PM-8:20PM,TBA,16W,0.5
HSS 101 LEC 9,First Year Advising Tutorial,T 6:30PM-8:20PM,TBA,16W,0.5
HSS 101 LEC 10,First Year Advising Tutorial,W 6:30PM-8:20PM,TBA,16W,0.5
HSS 101 LEC 11,First Year Advising Tutorial,W 6:30PM-8:20PM,TBA,16W,0.5
HSS 101 LEC 12,First Year Advising Tutorial,W 6:30PM-8:20PM,TBA,16W,0.5
HSS 101 LEC 13,First Year Advising Tutorial,W 6:30PM-8:20PM,TBA,16W,0.5
HSS 101 LEC 14,First Year Advising Tutorial,W 6:30PM-8:20PM,TBA,16W,0.5
HSS 101 LEC 15,First Year Advising Tutorial,W 6:30PM-8:20PM,TBA,16W,0.5
HSS 101 LEC 16,First Year Advising Tutorial,W 6:30PM-8:20PM,TBA,16W,0.5
HSS 101 LEC 17,First Year Advising Tutorial,W 6:30PM-8:20PM,TBA,16W,0.5
HSS 101 LEC 18,First Year Advising Tutorial,W 6:30PM-8:20PM,TBA,16W,0.5
LANG 1202 LEC 1,Arabic for Quran,TR 4:30PM-6:20PM,Hafiz Abdul Qadeer,16W,4.0
LANG 1203 LEC 1,Hindi for Non-Native Speakers,MW 2:00PM-3:50PM,Shahid Rasheed,16W,4.0
LANG 1204 LEC 1,Kashmiri I,MW 4:00PM-5:50PM,Khawaja Zahid Aziz,16W,4.0
LANG 1204 LEC 2,Kashmiri I,TR 2:30PM-4:20PM,Samina Arifa,16W,4.0
LANG 128 LEC 1,Sindhi for Non-Sindhi Speakers,MW 4:00PM-5:50PM,Ashok Kumar Khatri,16W,4.0
LANG 128 LEC 2,Sindhi for Non-Sindhi Speakers,TR 4:00PM-5:50PM,Ashok Kumar Khatri,16W,4.0
LANG 129 LEC 1,Pashto for Non-Native Speakers,MW 11:00AM-12:50PM,Imad .,16W,4.0
LANG 129 LEC 2,Pashto for Non-Native Speakers,TR 11:00AM-12:50PM,Imad .,16W,4.0
LANG 2208 LEC 1,Introduction to Sanskrit,TR 2:00PM-3:50PM,Shahid Rasheed,16W,4.0
CLCA 2422 w/ LANG 2208,Introduction to Sanskrit,TR 2:00PM-3:50PM,Shahid Rasheed,16W,4.0
HIST 292 w/ LANG 2208,Introduction to Sanskrit,TR 2:00PM-3:50PM,Shahid Rasheed,16W,4.0
LAW 101 LEC 1,Introduction to Legal Reasoning,TR 12:00PM-1:50PM,Sarah Humayun,16W,4.0
LAW 101 LEC 2,Introduction to Legal Reasoning,TR 8:00AM-9:50AM,TBA,16W,4.0
LAW 101 LEC 3,Introduction to Legal Reasoning,TR 2:00PM-3:50PM,Madiha Talat,16W,4.0
LAW 101 LEC 4,Introduction to Legal Reasoning,MW 12:30PM-2:20PM,Aisha Ahmad,16W,4.0
LAW 101 LEC 5,Introduction to Legal Reasoning,TR 4:00PM-5:50PM,Madiha Talat,16W,4.0
LAW 210 LEC 1,Concept of Law,TR 2:30PM-4:20PM,Aisha Ahmad,16W,4.0
LAW 210 LEC 2,Concept of Law,MW 10:00AM-11:50AM,Asad Farooq,16W,4.0
LAW 210 LEC 3,Concept of Law,MW 2:30PM-4:20PM,Sarah Humayun,16W,4.0
LAW 223 LEC 1,Commercial Law,TR 2:00PM-3:50PM,Faiza .,16W,4.0
LAW 223 LEC 2,Commercial Law,MW 12:00PM-1:50PM,"Sheharyar Sikander
Hamid",16W,4.0
LAW 224 LEC 1,Property Law,MW 1:30PM-3:20PM,Asad Farooq,16W,4.0
LAW 224 LEC 2,Property Law,MW 4:00PM-5:50PM,Uzair Kayani,16W,4.0
LAW 224 LEC 3,Property Law,TR 8:00AM-9:50AM,TBA,16W,4.0
LAW 225 LEC 1,Islamic Legal Theory,MW 2:00PM-3:50PM,Abdul Rahman Mustafa,16W,4.0
LAW 225 LEC 2,Islamic Legal Theory,MW 8:00AM-9:50AM,Abdul Rahman Mustafa,16W,4.0
REL 219 w/ LAW 225,Islamic Legal Theory,MW 8:00AM-9:50AM,Abdul Rahman Mustafa,16W,4.0
LAW 232 LEC 1,Public Law,TR 2:00PM-3:50PM,Adnan Sattar,16W,4.0
LAW 232 LEC 2,Public Law,TR 12:00PM-1:50PM,Muhammad Azeem,16W,4.0
LAW 320 LEC 1,"Equity, Specific Relief and Trusts",MW 9:00AM-10:50AM,Saad Amir,16W,4.0
LAW 320 LEC 2,"Equity, Specific Relief and Trusts",MW 12:00PM-1:50PM,Saad Amir,16W,4.0
LAW 3202 LEC 1,"International Corporate Finance and
Insolvency Law",TR 12:00PM-1:50PM,"Sheharyar Sikander
Hamid",16W,4.0
MGMT 273 w/ LAW 3202,"International Corporate Finance and
Insolvency Law",TR 12:00PM-1:50PM,"Sheharyar Sikander
Hamid",16W,4.0
LAW 3205 LEC 1,International Business Transactions,TR 12:00PM-1:50PM,Syeda Zehra Zaidi,16W,4.0
MGMT 272 w/ LAW 3205,International Business Transactions,TR 12:00PM-1:50PM,Syeda Zehra Zaidi,16W,4.0
LAW 3214 LEC 1,Law and Regulations of Finance,MW 10:00AM-11:50AM,Faiza .,16W,4.0
MGMT 274 w/ LAW 3214,Law and Regulations of Finance,MW 10:00AM-11:50AM,Faiza .,16W,4.0
LAW 322 LEC 1,Labor Law,TR 4:00PM-5:50PM,Muhammad Umar Ali,16W,4.0
POL 377 w/ LAW 322,Labor Law,TR 4:00PM-5:50PM,Muhammad Umar Ali,16W,4.0
SOC 347 w/ LAW 322,Labor Law,TR 4:00PM-5:50PM,Muhammad Umar Ali,16W,4.0
LAW 323 LEC 1,Tax Law,MW 4:00PM-5:50PM,Asim Zulfiqar Ali,16W,4.0
LAW 353 LEC 1,Human Rights,TR 4:00PM-5:50PM,Adnan Sattar,16W,4.0
LAW 3611 LEC 1,Family Law,MW 2:00PM-3:50PM,Maria Farooq,16W,4.0
LAW 3611 LEC 2,Family Law,MW 12:00PM-1:50PM,Fahad Malik,16W,4.0
LAW 3912 LEC 1,"Climate Change and Environment
Policy",MW 4:00PM-5:50PM,Fahad Malik,16W,4.0
ENV 333 w/ LAW 3912,"Climate Change and Environment
Policy",MW 4:00PM-5:50PM,Fahad Malik,16W,4.0
LAW 458 LEC 1,Refugee Rights,TR 10:00AM-11:50AM,Sikandar Ahmed Shah,16W,4.0
LAW 470 LEC 1,Evidence,TR 10:00AM-11:50AM,Muhammad Azeem,16W,4.0
LAW 470 LEC 2,Evidence,TR 4:00PM-5:50PM,Ahmed Hasan Khan,16W,4.0
LAW 472 LEC 1,Criminal Procedure,TR 4:00PM-5:50PM,Hammad Saeed,16W,4.0
LAW 486 LEC 1,Advanced Legal Research,TR 2:00PM-3:50PM,Raza Saeed,16W,4.0
LAW 4906 LEC 1,LUMS Law Clinic,TR 1:30PM-3:20PM,Maira Mumtaz,16W,4.0
LAW 4908 LEC 1,"Archiving the Law: Methods in Legal
Studies",WF 8:00AM-9:50AM,Summaiya Zaidi,16W,4.0
HIST 402 w/ LAW 4908,"Archiving the Law: Methods in Legal
Studies",WF 8:00AM-9:50AM,Summaiya Zaidi,16W,4.0
LAW 4909 SEM 1,Advanced Public Law Seminar - I,TR 10:00AM-11:50AM,Adnan Sattar,16W,4.0
LAW 4924 LEC 1,Prison Paralegal Clinic,TR 8:00AM-9:50AM,Maira Mumtaz,16W,4.0
MATH 001 SEM 1,Conway Seminars,M 4:00PM-4:50PM,Imran Anwar,16W,4.0
MATH 100 LEC 1,Pre-Calculus,MW 9:30AM-10:45AM,TBA,16W,3.0
MATH 101 LEC 1,Calculus I,MW 8:00AM-8:50AM,Haniya Azam,16W,3.0
MATH 101 RAC 2,Calculus I,F 9:00AM-9:50AM,TBA,16W,3.0
MATH 101 RAC 1,Calculus I,F 3:30PM-4:20PM,TBA,16W,3.0
MATH 102 LEC 1,Calculus II,MW 10:00AM-11:15AM,TBA,16W,3.0
MATH 120 LEC 1,"Linear Algebra with Differential
Equations",TR 5:30PM-6:20PM,Ali Ashher Zaidi,16W,3.0
MATH 120 RAC 1,"Linear Algebra with Differential
Equations",T 1:00PM-1:50PM,TBA,16W,3.0
MATH 120 RAC 2,"Linear Algebra with Differential
Equations",M 5:00PM-5:50PM,TBA,16W,3.0
MATH 120 LEC 2,"Linear Algebra with Differential
Equations",TR 4:00PM-4:50PM,Reza Abdolmaleki,16W,3.0
MATH 120 RAC 4,"Linear Algebra with Differential
Equations",F 9:00AM-9:50AM,TBA,16W,3.0
MATH 120 RAC 3,"Linear Algebra with Differential
Equations",W 10:00AM-10:50AM,TBA,16W,3.0
MATH 120H LEC 1,Linear Algebra I (Honours),TR 4:00PM-5:15PM,Imran Anwar,16W,3.0
MATH 205 LEC 1,Introduction to Analysis I,MW 12:30PM-1:45PM,Waqas Ali Azhar,16W,3.0
MATH 230 LEC 1,Probability,TR 2:30PM-3:45PM,Reza Abdolmaleki,16W,3.0
MATH 231 LEC 1,Statistics,MW 2:00PM-3:15PM,Omar Khawar Malik,16W,3.0
MATH 3010 LEC 1,Advanced Calculus,TR 1:00PM-2:15PM,TBA,16W,3.0
MATH 310 LEC 1,Ordinary Differential Equations,TR 4:00PM-5:15PM,Ali Ashher Zaidi,16W,3.0
MATH 320 LEC 1,Algebra I,MW 11:00AM-12:15PM,Imran Anwar,16W,3.0
MATH 401 LEC 1,Functional Analysis,MW 2:00PM-3:15PM,TBA,16W,3.0
MATH 505 w/ MATH 401,Advanced Functional Analysis,MW 2:00PM-3:15PM,TBA,16W,3.0
MATH 4013 LEC 1,Differential Geometry,MW 8:00AM-9:15AM,Shaheen Nazir,16W,3.0
MATH 5012 w/ MATH 4013,Advanced Differential Geometry,MW 8:00AM-9:15AM,Shaheen Nazir,16W,3.0
MATH 445 LEC 1,Operations Research II,MW 8:00AM-9:15AM,Kamran Rashid,16W,3.0
MATH 548 w/ MATH 445,Operational Research II,MW 8:00AM-9:15AM,Kamran Rashid,16W,3.0
MATH 449 LEC 1,Quantitative Finance,TR 3:00PM-4:30PM,Ferhana Ahmad,16W,4.0
MATH 449 LAB 1,Quantitative Finance,F 5:00PM-5:50PM,Ferhana Ahmad,16W,4.0
FINN 422 w/ MATH 449,Quantitative Finance,F 5:00PM-5:50PM,Ferhana Ahmad,16W,4.0
FINN 422 LEC 2,Quantitative Finance,TR 9:30AM-10:45AM,"Misbah Tanveer
Chaudhry",16W,4.0
FINN 422 LEC 3,Quantitative Finance,MW 8:00AM-9:15AM,Ummad Mazhar,16W,4.0
FINN 422 LEC 4,Quantitative Finance,MW 9:30AM-10:45AM,Ummad Mazhar,16W,4.0
FINN 422 LEC 5,Quantitative Finance,TR 9:30AM-10:45AM,Syed Zahid Ali,16W,4.0
FINN 422 LEC 6,Quantitative Finance,TR 11:00AM-12:15PM,Syed Zahid Ali,16W,4.0
FINN 422 LEC 7,Quantitative Finance,TR 2:00PM-3:15PM,Sana Sami,16W,4.0
FINN 422 LEC 8,Quantitative Finance,MW 2:00PM-3:15PM,Sana Sami,16W,4.0
MGMT 142 LEC 1,Principles of Management,MW 3:30PM-4:45PM,Mujeeb Rashid,16W,3.0
MGMT 142 LEC 2,Principles of Management,TR 8:00AM-9:15AM,Zainab Amir,16W,3.0
MGMT 212 LEC 1,Business Communication,TR 9:30AM-10:45AM,Mehroz Sajjad,16W,3.0
MGMT 212 LEC 2,Business Communication,TR 11:00AM-12:15PM,Mehroz Sajjad,16W,3.0
MGMT 212 LEC 3,Business Communication,MW 11:00AM-12:15PM,Anjum Fayyaz,16W,3.0
MGMT 212 LEC 4,Business Communication,MW 2:00PM-3:15PM,Anjum Fayyaz,16W,3.0
MGMT 212 LEC 5,Business Communication,MW 3:30PM-4:45PM,Anjum Fayyaz,16W,3.0
MGMT 242 LEC 1,"Business Ethics and Corporate Social
Responsibility",TR 2:00PM-3:15PM,Asif Iftikhar,16W,3.0
MGMT 242 LEC 2,"Business Ethics and Corporate Social
Responsibility",TR 3:30PM-4:45PM,Asif Iftikhar,16W,3.0
MGMT 242 LEC 3,"Business Ethics and Corporate Social
Responsibility",TR 5:00PM-6:15PM,Asif Iftikhar,16W,3.0
MGMT 243 LEC 1,Public Administration,MW 11:00AM-12:15PM,Mohsin Bashir,16W,3.0
MGMT 244 LEC 1,Reforming The Public Sector,MW 5:00PM-6:15PM,Muhammad Ajmal,16W,3.0
MGMT 247 LEC 1,Public Financial Management,TR 2:00PM-3:15PM,Sajid Siddique,16W,3.0
MGMT 252 LEC 1,Logic and Critical Thinking,MW 11:00AM-12:15PM,Razi Allah Lone,16W,3.0
MGMT 252 LEC 2,Logic and Critical Thinking,MW 12:30PM-1:45PM,Razi Allah Lone,16W,3.0
MGMT 252 LEC 3,Logic and Critical Thinking,TR 3:30PM-4:45PM,"Muhammad Shabbir
Ahsen",16W,3.0
MGMT 252 LEC 4,Logic and Critical Thinking,TR 5:00PM-6:15PM,"Muhammad Shabbir
Ahsen",16W,3.0
MGMT 252 LEC 5,Logic and Critical Thinking,MW 3:30PM-4:45PM,"Muhammad Shabbir
Ahsen",16W,3.0
MGMT 252 LEC 6,Logic and Critical Thinking,MW 5:00PM-6:15PM,"Muhammad Shabbir
Ahsen",16W,3.0
MGMT 260 LEC 1,Business Law,MW 8:00AM-9:15AM,Ali Sultan,16W,3.0
MGMT 260 LEC 2,Business Law,MW 9:30AM-10:45AM,Ali Sultan,16W,3.0
MGMT 260 LEC 3,Business Law,MW 11:00AM-12:15PM,Ali Sultan,16W,3.0
MGMT 362 LEC 1,"Rethinking Policy: Critical
Perspectives on Pakistan's Agricultural
Development",MW 9:30AM-10:45AM,Muhammad Ahsan Rana,16W,3.0
MGMT 384 LEC 1,"Entrepreneurship and Management in
the Restaurant Industry",TR 3:30PM-4:45PM,Shireen Waheed,16W,3.0
MGMT 400 LEC 1,Strategic Business Management,MW 9:30AM-10:45AM,Anjum Fayyaz,16W,3.0
MGMT 400 LEC 2,Strategic Business Management,TR 3:30PM-4:45PM,Adnan Zahid,16W,3.0
MGMT 462 LEC 1,Modern Thought in Social Policy,MW 12:30PM-1:45PM,Muhammad Ahsan Rana,16W,3.0
MGMT 481 LEC 1,Entrepreneurship,TR 5:00PM-6:15PM,Shezeen Salim Hemani,16W,3.0
MKTG 201 LEC 1,Principles of Marketing,TR 9:30AM-10:45AM,Aaminah Zaman Malik,16W,3.0
MKTG 201 LEC 2,Principles of Marketing,TR 11:00AM-12:15PM,Aaminah Zaman Malik,16W,3.0
MKTG 201 LEC 3,Principles of Marketing,MW 3:30PM-4:45PM,Komal Zain,16W,3.0
MKTG 201 LEC 4,Principles of Marketing,TR 5:00PM-6:15PM,Muhammad Asim,16W,3.0
MKTG 302 LEC 1,Digital Marketing,MW 2:00PM-3:15PM,Komal Zain,16W,3.0
MKTG 322 LEC 1,Sales Force Management,MW 2:00PM-3:15PM,"Muhammad Luqman
Awan",16W,3.0
MKTG 323 LEC 1,Channel Management,MW 3:30PM-4:45PM,"Muhammad Luqman
Awan",16W,3.0
MKTG 345 LEC 1,"Data Analytics for New Product
Development",MW 3:30PM-4:45PM,Muhammad Asim,16W,3.0
MKTG 392 LEC 1,Brand Management,TR 3:30PM-4:45PM,Moeen Naseer Butt,16W,3.0
ORSC 201 LEC 1,Organizational Behaviour,MW 3:30PM-4:45PM,"Muhammad Aneeq
Ismail",16W,3.0
ORSC 201 LEC 2,Organizational Behaviour,MW 5:00PM-6:15PM,"Muhammad Aneeq
Ismail",16W,3.0
ORSC 201 LEC 3,Organizational Behaviour,TR 9:30AM-10:45AM,"Muhammad Abdur
Rahman Malik",16W,3.0
ORSC 201 LEC 4,Organizational Behaviour,TR 11:00AM-12:15PM,"Muhammad Abdur
Rahman Malik",16W,3.0
ORSC 201 LEC 5,Organizational Behaviour,MW 9:30AM-10:45AM,Faiza Ali,16W,3.0
ORSC 341 LEC 1,Human Resource Management,MW 11:00AM-12:15PM,Faiza Ali,16W,3.0
ORSC 8101 SEM 1,Seminar in Organizational Behavior,F 8:00AM-11:00AM,Faiza Ali,16W,3.0
PHIL 212 LEC 1,Plato and Aristotle,TR 12:00PM-1:50PM,"Muhammad Shabbir
Ahsen",16W,4.0
PHIL 432 LEC 1,Mohammed Iqbal and Charles Peirce,MW 10:00AM-11:50AM,Basit Bilal Koshul,16W,4.0
PHY 104 LEC 1,Modern Physics,TR 1:00PM-2:15PM,Muhammad Faryad,16W,4.0
PHY 104 RAC 1,Modern Physics,F 5:00PM-5:50PM,Muhammad Faryad,16W,4.0
PHY 104 LEC 2,Modern Physics,MW 1:30PM-2:45PM,Muhammad Faryad,16W,4.0
PHY 104 RAC 2,Modern Physics,M 3:00PM-3:50PM,Muhammad Faryad,16W,4.0
PHY 304 LEC 1,Computational Physics,TR 3:30PM-4:45PM,Adam Zaman Chaudhry,16W,3.0
PHY 505 w/ PHY 304,Computational Physics,TR 3:30PM-4:45PM,Adam Zaman Chaudhry,16W,3.0
SCI 305 w/ PHY 304,Computational Methods,TR 3:30PM-4:45PM,Adam Zaman Chaudhry,16W,3.0
PHY 305 LEC 1,Electromagnetic Fields and Waves,MW 9:30AM-10:45AM,Aeysha Khalique,16W,3.0
EE 330 w/ PHY 305,Electromagnetic Fields and Waves,MW 9:30AM-10:45AM,Aeysha Khalique,16W,3.0
PHY 307 LEC 1,"Fundamentals of Astronomy and
Astrophysics",MW 3:30PM-4:45PM,TBA,16W,3.0
AST 302 w/ PHY 307,"Fundamentals of Astronomy and
Astrophysics",MW 3:30PM-4:45PM,TBA,16W,3.0
PHY 506 w/ PHY 307,"Fundamentals of Astronomy and
Astrophysics",MW 3:30PM-4:45PM,TBA,16W,3.0
PHY 312 LEC 1,Quantum Mechanics II,TR 9:30AM-10:45AM,Adam Zaman Chaudhry,16W,3.0
PHY 517 w/ PHY 312,Quantum Mechanics,TR 9:30AM-10:45AM,Adam Zaman Chaudhry,16W,3.0
PHY 332 LEC 1,Condensed Matter Physics,TR 11:00AM-12:15PM,Rizwan Khalid,16W,3.0
PHY 535 w/ PHY 332,Advanced Condensed Matter Physics,TR 11:00AM-12:15PM,Rizwan Khalid,16W,3.0
PHY 417 LEC 1,"Introduction to Quantum Information
Science and Technology",TR 3:30PM-4:45PM,Aeysha Khalique,16W,3.0
CS 5112 w/ PHY 417,"Introduction to Quantum Information
Science and Technology",TR 3:30PM-4:45PM,Aeysha Khalique,16W,3.0
EE 539 w/ PHY 417,"Introduction to Quantum Information
Science and Technology",TR 3:30PM-4:45PM,Aeysha Khalique,16W,3.0
PHY 612 w/ PHY 417,"Introduction to Quantum Information
Science and Technology",TR 3:30PM-4:45PM,Aeysha Khalique,16W,3.0
PHY 442 LEC 1,General Relativity,MW 3:30PM-4:45PM,Syed Moeez Hassan,16W,3.0
MATH 466 w/ PHY 442,General Relativity,MW 3:30PM-4:45PM,Syed Moeez Hassan,16W,3.0
PHY 642 w/ PHY 442,General Relativity,MW 3:30PM-4:45PM,Syed Moeez Hassan,16W,3.0
PHY 480 LAB 1,Seminars in Physics,F 10:00AM-12:50PM,Syed Moeez Hassan,16W,1.0
PHY 712 w/ PHY 480,Seminars in Physics,F 10:00AM-12:50PM,Syed Moeez Hassan,16W,1.0
PHY 539 LEC 1,Introduction to Quantum Field Theory,TR 5:00PM-6:15PM,Rizwan Khalid,16W,3.0
POL 100 LEC 1,Introduction to Political Science,MW 10:00AM-11:50AM,Asma ul-Husna Faiz,16W,4.0
POL 227 LEC 1,"The Politics of Conflict and
Intervention in Afghanistan",MW 2:00PM-3:50PM,Shahab Ud Din Ahmad,16W,4.0
POL 2313 LEC 1,Civil Society and Social Movements,TR 12:00PM-1:50PM,"Hafiz Muhammad
Salman Rafi",16W,4.0
POL 320 LEC 1,Comparative Politics,MW 9:00AM-10:50AM,Anam Siddiq Kuraishi,16W,4.0
POL 320 LEC 2,Comparative Politics,MW 12:00PM-1:50PM,Anam Siddiq Kuraishi,16W,4.0
POL 322 LEC 1,Politics of India,MW 2:00PM-3:50PM,Mohammad Waseem,16W,4.0
POL 328 LEC 1,Politics of Pakistan,TR 4:00PM-5:50PM,Taimur Rahman,16W,4.0
POL 331 LEC 1,Pakistan's Foreign Relations,TR 10:00AM-11:50AM,Shahid Malik,16W,4.0
POL 364 LEC 1,Quantitative Research Method,TR 12:00PM-1:50PM,"Muhammad Hamza
Iftikhar",16W,4.0
POL 373 LEC 1,State and Sovereignty,MW 10:00AM-11:50AM,Shahab Ud Din Ahmad,16W,4.0
POL 375 LEC 1,Foreign Policy Analysis,MW 12:00PM-1:50PM,Younis Sarwer,16W,4.0
POL 376 LEC 1,Politics of International Economy,MW 4:00PM-5:50PM,Younis Sarwer,16W,4.0
PSY 100 LEC 1,"Introduction to Psychology and Human
Behavior",MW 3:30PM-5:20PM,Arman Ashraf,16W,4.0
PSY 100 LEC 2,"Introduction to Psychology and Human
Behavior",TR 4:30PM-6:20PM,Yasser Hashmi,16W,4.0
PSY 100 LEC 3,"Introduction to Psychology and Human
Behavior",TR 10:00AM-11:50AM,Imran Rashid,16W,4.0
PSY 100 LEC 4,"Introduction to Psychology and Human
Behavior",TR 4:30PM-6:20PM,Natasha Sohail Barlas,16W,4.0
PSY 220 LEC 1,Psychopathology,TR 12:00PM-1:50PM,"Muhammad Azam
Khalid",16W,4.0
PSY 224 LEC 1,Counseling and Psychotherapy,MW 3:00PM-4:50PM,Humair Yusuf,16W,4.0
PSY 232 LEC 1,Theories of Personality,TR 2:00PM-3:50PM,Imran Rashid,16W,4.0
PSY 309 LEC 1,Human Memory,TR 12:00PM-1:50PM,Yasser Hashmi,16W,4.0
PSY 316 LEC 1,"Mind Matters: The Psychology of
Intelligence and AI",TR 2:30PM-4:20PM,Natasha Sohail Barlas,16W,4.0
CS 326 w/ PSY 316,"Mind Matters: The Psychology of
Intelligence and AI",TR 2:30PM-4:20PM,Natasha Sohail Barlas,16W,4.0
PSY 325 LEC 1,"Positive Psychology and The Pursuit of
Happiness",MW 8:00AM-9:50AM,Arman Ashraf,16W,4.0
REL 432 LEC 1,Islamic Modernism in Pakistan,MW 4:00PM-5:50PM,Asif Iftikhar,16W,4.0
SCI 203 LEC 1,Air Pollution,MW 11:00AM-12:15PM,Shahana Khurshid,16W,3.0
ENV 237 w/ SCI 203,Air Pollution,MW 11:00AM-12:15PM,Shahana Khurshid,16W,3.0
SCI 205 LEC 1,Modeling the Environment,TR 2:30PM-3:45PM,Talha Manzoor,16W,3.0
ENV 244 w/ SCI 205,Modeling the Environment,TR 2:30PM-3:45PM,Talha Manzoor,16W,3.0
SCI 210 LEC 1,Energy and Information,MW 8:00AM-9:15AM,Walther Schwarzacher,16W,3.0
SCRM 6201 LEC 1,Logistics Management,FSU 4:15PM-6:15PM,"Sheikh Attique Ur
Rehman",16W,3.0
SCRM 6202 LEC 1,Supply Management,FSU 10:45AM-12:45PM,"Muhammad Shakeel
Sadiq Jajja",16W,3.0
SCRM 6301 LEC 1,Retailing Strategy and Operations,FSU 8:30AM-10:30AM,Hassan Rauf Chaudhry,16W,3.0
SOC 100 LEC 1,Introduction to Sociology,MW 2:00PM-3:50PM,Amen Jaffer,16W,4.0
SOC 100 LEC 2,Introduction to Sociology,TR 2:00PM-3:50PM,Tania Saeed,16W,4.0
SOC 243 LEC 1,Politics of Class and Markets,TR 2:00PM-3:50PM,Umair Javed,16W,4.0
POL 244 w/ SOC 243,The Politics of Class and Markets,TR 2:00PM-3:50PM,Umair Javed,16W,4.0
SOC 244 LEC 1,"Language, Culture, and Society",TR 12:00PM-1:50PM,Aftab Nasir,16W,4.0
SOC 265 LEC 1,"Introduction to Gender and Sexuality
Studies",TR 4:00PM-5:50PM,Nida Yasmeen Kirmani,16W,4.0
GSS 210 w/ SOC 265,"Introduction to Gender and Sexuality
Studies",TR 4:00PM-5:50PM,Nida Yasmeen Kirmani,16W,4.0
SOC 320 LEC 1,Quantitative Research Methods,TR 4:00PM-5:50PM,Maryam Ibrahim,16W,4.0
ENV 336 w/ SOC 346,The Politics of Resources,TR 4:00PM-5:50PM,Maryam Ibrahim,16W,4.0
POL 378 w/ SOC 346,The Politics of Resources,TR 4:00PM-5:50PM,Maryam Ibrahim,16W,4.0
SOC 383 LEC 1,"Racism, Migration and Displacement",TR 8:00AM-9:50AM,Ali Nobil Ahmad,16W,4.0
SOC 463 LEC 1,"Spatial Politics and Citizenship in
Urban Lives",MW 10:00AM-11:50AM,Amen Jaffer,16W,4.0
SOC 465 LEC 1,Gender and the City in South Asia,MW 2:30PM-4:20PM,Nida Yasmeen Kirmani,16W,4.0
ENV 443 w/ SOC 465,Gender and the City in South Asia,MW 2:30PM-4:20PM,Nida Yasmeen Kirmani,16W,4.0
GSS 415 w/ SOC 465,Gender and the City in South Asia,MW 2:30PM-4:20PM,Nida Yasmeen Kirmani,16W,4.0
SS 100 LEC 1,Writing and Communication,MW 2:00PM-3:50PM,Afsheen Salahuddin,16W,4.0
SS 100 LEC 2,Writing and Communication,MW 10:00AM-11:50AM,Aneeqa Mazhar Wattoo,16W,4.0
SS 100 LEC 3,Writing and Communication,MW 9:30AM-11:20AM,"Muhammad Hashim
Kaleem Bhatti",16W,4.0
SS 100 LEC 4,Writing and Communication,MW 11:30AM-1:20PM,Huda Imtiaz,16W,4.0
SS 100 LEC 5,Writing and Communication,MW 12:00PM-1:50PM,Afsheen Salahuddin,16W,4.0
SS 100 LEC 6,Writing and Communication,MW 11:00AM-12:50PM,Syed Javed Nazir,16W,4.0
SS 100 LEC 7,Writing and Communication,TR 4:00PM-5:50PM,Sana Mohsin,16W,4.0
SS 100 LEC 8,Writing and Communication,MW 12:00PM-1:50PM,"Syeda Habibah Hussain
Rizvi",16W,4.0
SS 100 LEC 9,Writing and Communication,TR 9:00AM-10:50AM,Zainab Sattar,16W,4.0
SS 100 LEC 10,Writing and Communication,TR 10:30AM-12:20PM,Farhana Shahzad,16W,4.0
SS 100 LEC 11,Writing and Communication,TR 3:30PM-5:20PM,Aamna Khalid,16W,4.0
SS 100 LEC 12,Writing and Communication,TR 10:00AM-11:50AM,Mahrukh Baig,16W,4.0
SS 100 LEC 13,Writing and Communication,MW 4:00PM-5:50PM,Sana Mohsin,16W,4.0
SS 100 LEC 14,Writing and Communication,MW 3:00PM-4:50PM,Farhana Shahzad,16W,4.0
SS 100 LEC 15,Writing and Communication,MW 1:00PM-2:50PM,Anam Hassan,16W,4.0
SS 100 LEC 16,Writing and Communication,TR 11:00AM-12:50PM,Huda Imtiaz,16W,4.0
SS 100 LEC 17,Writing and Communication,MW 4:00PM-5:50PM,Furrha Ahsan,16W,4.0
SS 100 LEC 18,Writing and Communication,MW 8:00AM-9:50AM,Uzma Safdar,16W,4.0
SS 100 LEC 19,Writing and Communication,MW 4:00PM-5:50PM,"Muhammad Hashim
Kaleem Bhatti",16W,4.0
SS 100 LEC 20,Writing and Communication,TR 10:00AM-11:50AM,"Syeda Habibah Hussain
Rizvi",16W,4.0
SS 100 LEC 21,Writing and Communication,TR 8:00AM-9:50AM,Hajra Ikram Butt,16W,4.0
SS 100 LEC 22,Writing and Communication,MW 9:30AM-11:20AM,Zainab Sattar,16W,4.0
SS 100 LEC 23,Writing and Communication,TR 12:00PM-1:50PM,Maria Amir,16W,4.0
SS 100 LEC 24,Writing and Communication,TR 12:00PM-1:50PM,Aneeqa Mazhar Wattoo,16W,4.0
SS 100 LEC 25,Writing and Communication,TR 4:00PM-5:50PM,Furrha Ahsan,16W,4.0
SS 100 LEC 26,Writing and Communication,TR 12:30PM-2:20PM,Mahrukh Baig,16W,4.0
SS 101 LEC 1,Islamic Studies,F 4:00PM-5:50PM,TBA,16W,2.0
SS 101 LEC 2,Islamic Studies,R 3:30PM-5:20PM,TBA,16W,2.0
SS 101 LEC 3,Islamic Studies,F 10:00AM-11:50AM,TBA,16W,2.0
SS 101 LEC 4,Islamic Studies,F 2:00PM-3:50PM,TBA,16W,2.0
SS 101 LEC 5,Islamic Studies,T 4:00PM-5:50PM,TBA,16W,2.0
SS 102 LEC 1,Pakistan Studies: Culture and Heritage,F 4:30PM-6:20PM,TBA,16W,2.0
SS 102 LEC 2,Pakistan Studies: Culture and Heritage,M 10:00AM-11:50AM,TBA,16W,2.0
SS 102 LEC 3,Pakistan Studies: Culture and Heritage,M 4:30PM-6:20PM,TBA,16W,2.0
SS 102 LEC 4,Pakistan Studies: Culture and Heritage,F 2:30PM-4:20PM,TBA,16W,2.0
SS 102 LEC 5,Pakistan Studies: Culture and Heritage,R 8:00AM-9:50AM,TBA,16W,2.0
SS 102 LEC 10,Pakistan Studies: Culture and Heritage,R 12:00PM-1:50PM,TBA,16W,2.0
SS 1312 LEC 1,"Fundamentals of Raag and Taal [Vocal
and Flute]",MW 4:00PM-5:50PM,Muhammad Hanif,16W,4.0
SS 187 LEC 1,Applied Statistics for Humanities,MW 12:00PM-1:50PM,Muhammad Saad Imtiaz,16W,4.0
SS 187 LEC 2,Applied Statistics for Humanities,TR 12:00PM-1:50PM,"Muhammad Salaar Arif
Khan",16W,4.0
SS 2203 LEC 1,Digital Approaches to the Humanities,MW 10:00AM-11:50AM,Maira Rehman,16W,4.0
SS 233 LEC 1,Media Writing,TR 8:00AM-9:50AM,Syed Javed Nazir,16W,4.0
SS 3302 LEC 1,Professional Communication Skills,MW 2:00PM-3:50PM,Aamna Khalid,16W,4.0
SSE 101 LEC 1,SSE Tutorials,F 10:00AM-12:50PM,TBA,16W,0.5
SSE 101 LEC 2,SSE Tutorials,F 10:00AM-12:50PM,TBA,16W,0.5
SSE 101 LEC 3,SSE Tutorials,F 10:00AM-12:50PM,TBA,16W,0.5
SSE 101 LEC 4,SSE Tutorials,F 10:00AM-12:50PM,TBA,16W,0.5
SSE 101 LEC 5,SSE Tutorials,F 10:00AM-12:50PM,TBA,16W,0.5
SSE 101 LEC 6,SSE Tutorials,F 10:00AM-12:50PM,TBA,16W,0.5
SSE 101 LEC 7,SSE Tutorials,F 10:00AM-12:50PM,TBA,16W,0.5
SSE 101 LEC 8,SSE Tutorials,F 10:00AM-12:50PM,TBA,16W,0.5
SSE 101 LEC 9,SSE Tutorials,F 10:00AM-12:50PM,TBA,16W,0.5
SSE 101 LEC 10,SSE Tutorials,F 10:00AM-12:50PM,TBA,16W,0.5
SSE 101 LEC 11,SSE Tutorials,F 10:00AM-12:50PM,TBA,16W,0.5
SSE 101 LEC 12,SSE Tutorials,F 10:00AM-12:50PM,TBA,16W,0.5
SSE 101 LEC 13,SSE Tutorials,F 10:00AM-12:50PM,TBA,16W,0.5
SSE 101 LEC 14,SSE Tutorials,F 10:00AM-12:50PM,TBA,16W,0.5
SSE 101 LEC 15,SSE Tutorials,F 10:00AM-12:50PM,TBA,16W,0.5
SSE 101 LEC 16,SSE Tutorials,F 10:00AM-12:50PM,TBA,16W,0.5
SSE 101 LEC 17,SSE Tutorials,F 10:00AM-12:50PM,TBA,16W,0.5
SSE 101 LEC 18,SSE Tutorials,F 10:00AM-12:50PM,TBA,16W,0.5
SSE 101 LEC 19,SSE Tutorials,F 10:00AM-12:50PM,TBA,16W,0.5
SSE 101 LEC 20,SSE Tutorials,F 10:00AM-12:50PM,TBA,16W,0.5
SSE 101 LEC 21,SSE Tutorials,F 10:00AM-12:50PM,TBA,16W,0.5
SSE 101 LEC 22,SSE Tutorials,F 10:00AM-12:50PM,TBA,16W,0.5
SSE 101 LEC 23,SSE Tutorials,F 10:00AM-12:50PM,TBA,16W,0.5
SSE 101 LEC 24,SSE Tutorials,F 10:00AM-12:50PM,TBA,16W,0.5
SSE 101 LEC 25,SSE Tutorials,F 10:00AM-12:50PM,TBA,16W,0.5
SSE 101 LEC 26,SSE Tutorials,F 10:00AM-12:50PM,TBA,16W,0.5
SSE 101 LEC 27,SSE Tutorials,F 10:00AM-12:50PM,TBA,16W,0.5
SSE 101 LEC 28,SSE Tutorials,F 10:00AM-12:50PM,TBA,16W,0.5
SSE 101 LEC 29,SSE Tutorials,F 10:00AM-12:50PM,TBA,16W,0.5
SSE 101 LEC 30,SSE Tutorials,F 10:00AM-12:50PM,TBA,16W,0.5
SSE 101 LEC 31,SSE Tutorials,F 10:00AM-12:50PM,TBA,16W,0.5
SSE 101 LEC 32,SSE Tutorials,F 10:00AM-12:50PM,TBA,16W,0.5
SSE 101 LEC 33,SSE Tutorials,F 10:00AM-12:50PM,TBA,16W,0.5
SSE 101 LEC 34,SSE Tutorials,F 10:00AM-12:50PM,TBA,16W,0.5
SSE 101 LEC 35,SSE Tutorials,F 10:00AM-12:50PM,TBA,16W,0.5
SWR 102 PRT 1,Swimming for Beginners,TR 10:00AM-11:15AM,"Muhammad Haider
Awan",16W,1.0
SWR 102 PRT 4,Swimming for Beginners,TR 12:00PM-1:15PM,Khalida Bashir,16W,1.0
SWR 102 PRT 5,Swimming for Beginners,MW 12:00PM-1:15PM,"Muhammad Haider
Awan",16W,1.0
SWR 102 PRT 6,Swimming for Beginners,MW 4:00PM-5:15PM,Azmat Ullah,16W,1.0
SWR 102 PRT 7,Swimming for Beginners,MW 2:00PM-3:15PM,Nimra Nimra,16W,1.0
SWR 102 PRT 8,Swimming for Beginners,TR 4:00PM-5:15PM,Nimra Nimra,16W,1.0
SWR 103 PRT 1,"Strength Training and Conditioning for
Beginners",MW 10:00AM-11:15AM,"Muhammad Bilal Iqbal
Khan",16W,1.0
SWR 103 PRT 2,"Strength Training and Conditioning for
Beginners",TR 10:00AM-11:15AM,"Muhammad Bilal Iqbal
Khan",16W,1.0
SWR 103 PRT 3,"Strength Training and Conditioning for
Beginners",MW 4:00PM-5:15PM,Muhammad Shakeel,16W,1.0
SWR 103 PRT 4,"Strength Training and Conditioning for
Beginners",TR 4:00PM-5:15PM,Muhammad Shakeel,16W,1.0
SWR 103 PRT 5,"Strength Training and Conditioning for
Beginners",MW 10:00AM-11:15AM,Kanwal Yousaf,16W,1.0
SWR 103 PRT 6,"Strength Training and Conditioning for
Beginners",MW 11:30AM-12:45PM,Aruba Naz,16W,1.0
SWR 103 PRT 7,"Strength Training and Conditioning for
Beginners",MW 4:00PM-5:15PM,Shabana Kausar,16W,1.0
SWR 104 PRT 1,Basketball for Beginners,MW 4:00PM-5:15PM,Mohsin Riaz,16W,1.0
SWR 104 PRT 2,Basketball for Beginners,TR 4:00PM-5:15PM,Mohsin Riaz,16W,1.0
SWR 105 PRT 1,"Walk, Jog and Stretch for Fitness",MW 3:30PM-4:45PM,Babar Asad Khan,16W,1.0
SWR 105 PRT 2,"Walk, Jog and Stretch for Fitness",MW 5:00PM-6:15PM,Babar Asad Khan,16W,1.0
SWR 106 PRT 1,Squash for Beginners Course,MW 4:00PM-5:15PM,Qaisar Sarwar,16W,1.0
SWR 107 PRT 1,"Badminton for Beginner Single and
Doubles",TR 5:00PM-6:15PM,Muhammad Adnan,16W,1.0
SWR 108 PRT 1,Volleyball for Beginners Course,MW 5:00PM-6:15PM,Muhammad Imran,16W,1.0
TME 6101 LEC 1,Tech-Entrepreneurship,FSU 4:15PM-6:15PM,"Muhammad Shehryar
Shahid",16W,3.0
TME 6102 LEC 1,Business Venture Planning,FSU 10:45AM-12:45PM,Shezeen Salim Hemani,16W,3.0
TME 6201 LEC 1,"Technology, Design and Innovation
Management",FSU 8:30AM-10:30AM,TBA,16W,3.0
TME 6202 LEC 1,"Technology and Operations
Management",FSU 2:00PM-4:00PM,Raja Usman Khalid,16W,3.0
